{
  "meta": {
    "title": "Дєяке названня сторінки",
    "description": "ВИГОТОВЛЕННЯ ТА РЕМОНТ ВОРІТ, ЗАХИСНИХ РОЛЕТ, ШЛАГБАУМІВ, МАРКІЗ.\nАВТОМАТИКА ДЛЯ ВОРІТ І РОЛЕТ.\nРЕМОНТ ТА РЕГУЛЮВАННЯ ВІКОН ТА ДВЕРЕЙ.\nБРОНЮВАННЯ ВІКОН ПРТИУДАРНОЮ ПЛІВКОЮ.\nВСТАНОВЛЕННЯ СИСТЕМ ОХОРОНИ ТА ВІДЕОНАГЛЯДУ.",
    "keywords": "Ключевые слова",
    "pageTopic": "Ключевые слова"
  }
}